Filename;Mountain
0000.jpg;1
0001.jpg;1
0002.jpg;1
0003.jpg;1
0004.jpg;1
0005.jpg;1
0006.jpg;1
0007.jpg;1
0008.jpg;1
0009.jpg;1
0010.jpg;1
0011.jpg;1
0012.jpg;1
0013.jpg;1
0014.jpg;1
0015.jpg;1
0016.jpg;1
0017.jpg;1
0018.jpg;1
0019.jpg;1
0020.jpg;1
0021.jpg;1
0022.jpg;1
0023.jpg;1
0024.jpg;1
0025.jpg;1
0026.jpg;1
0027.jpg;1
0028.jpg;1
0029.jpg;1
0030.jpg;1
0031.jpg;1
0032.jpg;1
0033.jpg;1
0034.jpg;1
0035.jpg;1
0036.jpg;1
0037.jpg;1
0038.jpg;1
0039.jpg;1
0040.jpg;1
0041.jpg;1
0042.jpg;1
0043.jpg;1
0044.jpg;1
0045.jpg;1
0046.jpg;1
0047.jpg;1
0048.jpg;1
0049.jpg;1
0050.jpg;1
0051.jpg;1
0052.jpg;1
0053.jpg;1
0054.jpg;1
0055.jpg;1
0056.jpg;1
0057.jpg;1
0058.jpg;1
0059.jpg;1
0060.jpg;1
0061.jpg;1
0062.jpg;1
0063.jpg;1
0064.jpg;1
0065.jpg;1
0066.jpg;1
0067.jpg;1
0068.jpg;1
0069.jpg;1
0070.jpg;1
0071.jpg;1
0072.jpg;1
0073.jpg;1
0074.jpg;1
0075.jpg;1
0076.jpg;1
0077.jpg;1
0078.jpg;1
0079.jpg;1
0080.jpg;1
0081.jpg;1
0082.jpg;1
0083.jpg;1
0084.jpg;1
0085.jpg;1
0086.jpg;1
0087.jpg;1
0088.jpg;1
0089.jpg;1
0090.jpg;1
0091.jpg;1
0092.jpg;1
0093.jpg;1
0094.jpg;1
0095.jpg;1
0096.jpg;1
0097.jpg;1
0098.jpg;1
0099.jpg;1
0100.jpg;1
0101.jpg;1
0102.jpg;1
0103.jpg;1
0104.jpg;1
0105.jpg;1
0106.jpg;1
0107.jpg;1
0108.jpg;1
0109.jpg;1
0110.jpg;1
0111.jpg;1
0112.jpg;1
0113.jpg;1
0114.jpg;1
0115.jpg;1
0116.jpg;1
0117.jpg;1
0118.jpg;1
0119.jpg;1
0120.jpg;1
0121.jpg;1
0122.jpg;1
0123.jpg;1
0124.jpg;1
0125.jpg;1
0126.jpg;1
0127.jpg;1
0128.jpg;1
0129.jpg;1
0130.jpg;1
0131.jpg;1
0132.jpg;1
0133.jpg;1
0134.jpg;1
0135.jpg;1
0136.jpg;1
0137.jpg;1
0138.jpg;1
0139.jpg;1
0140.jpg;1
0141.jpg;1
0142.jpg;1
0143.jpg;1
0144.jpg;1
0145.jpg;1
0146.jpg;1
0147.jpg;1
0148.jpg;1
0149.jpg;1
0150.jpg;1
0151.jpg;1
0152.jpg;1
0153.jpg;1
0154.jpg;1
0155.jpg;1
0156.jpg;1
0157.jpg;1
0158.jpg;1
0159.jpg;1
0160.jpg;1
0161.jpg;1
0162.jpg;1
0163.jpg;1
0164.jpg;1
0165.jpg;1
0166.jpg;1
0167.jpg;1
0168.jpg;1
0169.jpg;1
0170.jpg;1
0171.jpg;1
0172.jpg;1
0173.jpg;1
0174.jpg;1
0175.jpg;1
0176.jpg;1
0177.jpg;1
0178.jpg;1
0179.jpg;1
0180.jpg;1
0181.jpg;1
0182.jpg;1
0183.jpg;1
0184.jpg;1
0185.jpg;1
0186.jpg;1
0187.jpg;1
0188.jpg;1
0189.jpg;1
0190.jpg;1
0191.jpg;1
0192.jpg;1
0193.jpg;1
0194.jpg;1
0195.jpg;1
0196.jpg;1
0197.jpg;1
0198.jpg;1
0199.jpg;1
0200.jpg;1
0201.jpg;1
0202.jpg;1
0203.jpg;1
0204.jpg;1
0205.jpg;1
0206.jpg;1
0207.jpg;1
0208.jpg;1
0209.jpg;1
0210.jpg;1
0211.jpg;1
0212.jpg;1
0213.jpg;1
0214.jpg;1
0215.jpg;1
0216.jpg;1
0217.jpg;1
0218.jpg;1
0219.jpg;1
0220.jpg;1
0221.jpg;1
0222.jpg;1
0223.jpg;1
0224.jpg;1
0225.jpg;1
0226.jpg;1
0227.jpg;1
0228.jpg;1
0229.jpg;1
0230.jpg;1
0231.jpg;1
0232.jpg;1
0233.jpg;1
0234.jpg;1
0235.jpg;1
0236.jpg;1
0237.jpg;1
0238.jpg;1
0239.jpg;1
0240.jpg;1
0241.jpg;1
0242.jpg;1
0243.jpg;1
0244.jpg;1
0245.jpg;1
0246.jpg;1
0247.jpg;1
0248.jpg;1
0249.jpg;1
0250.jpg;1
0251.jpg;1
0252.jpg;1
0253.jpg;1
0254.jpg;1
0255.jpg;1
0256.jpg;1
0257.jpg;1
0258.jpg;1
0259.jpg;1
0260.jpg;1
0261.jpg;1
0262.jpg;1
0263.jpg;1
0264.jpg;1
0265.jpg;1
0266.jpg;1
0267.jpg;1
0268.jpg;1
0269.jpg;1
0270.jpg;1
0271.jpg;1
0272.jpg;1
0273.jpg;1
0274.jpg;1
0275.jpg;1
0276.jpg;1
0277.jpg;1
0278.jpg;1
0279.jpg;1
0280.jpg;1
0281.jpg;1
0282.jpg;1
0283.jpg;1
0284.jpg;1
0285.jpg;1
0286.jpg;1
0287.jpg;1
0288.jpg;1
0289.jpg;1
0290.jpg;1
0291.jpg;1
0292.jpg;1
0293.jpg;1
0294.jpg;1
0295.jpg;1
0296.jpg;1
0297.jpg;1
0298.jpg;1
0299.jpg;1
0300.jpg;1
0301.jpg;1
0302.jpg;1
0303.jpg;1
0304.jpg;1
0305.jpg;1
0306.jpg;1
0307.jpg;1
0308.jpg;1
0309.jpg;1
0310.jpg;1
0311.jpg;1
0312.jpg;1
0313.jpg;1
0314.jpg;1
0315.jpg;1
0316.jpg;1
0317.jpg;1
0318.jpg;1
0319.jpg;1
0320.jpg;1
0321.jpg;1
0322.jpg;1
0323.jpg;1
0324.jpg;1
0325.jpg;1
0326.jpg;1
0327.jpg;1
0328.jpg;1
0329.jpg;1
0330.jpg;1
0331.jpg;1
0332.jpg;1
0333.jpg;1
0334.jpg;1
0335.jpg;1
0336.jpg;1
0337.jpg;1
0338.jpg;1
0339.jpg;1
0340.jpg;1
0341.jpg;1
0342.jpg;1
0343.jpg;1
0344.jpg;1
0345.jpg;1
0346.jpg;1
0347.jpg;1
0348.jpg;1
0349.jpg;1
0350.jpg;1
0351.jpg;1
0352.jpg;1
0353.jpg;1
0354.jpg;1
0355.jpg;1
0356.jpg;1
0357.jpg;1
0358.jpg;1
0359.jpg;1
0360.jpg;1
0361.jpg;1
0362.jpg;1
0363.jpg;1
0364.jpg;1
0365.jpg;1
0366.jpg;1
0367.jpg;1
0368.jpg;1
0369.jpg;1
0370.jpg;1
0371.jpg;1
0372.jpg;1
0373.jpg;1
0374.jpg;1
0375.jpg;1
0376.jpg;1
0377.jpg;1
0378.jpg;1
0379.jpg;1
0380.jpg;1
0381.jpg;1
0382.jpg;1
0383.jpg;1
0384.jpg;1
0385.jpg;1
0386.jpg;1
0387.jpg;1
0388.jpg;1
0389.jpg;1
0390.jpg;1
0391.jpg;1
0392.jpg;1
0393.jpg;1
0394.jpg;1
0395.jpg;1
0396.jpg;1
0397.jpg;1
0398.jpg;1
0399.jpg;1
0400.jpg;1
0401.jpg;1
0402.jpg;1
0403.jpg;1
0404.jpg;1
0405.jpg;1
0406.jpg;1
0407.jpg;1
0408.jpg;1
0409.jpg;1
0410.jpg;1
0411.jpg;1
0412.jpg;1
0413.jpg;1
0414.jpg;1
0415.jpg;1
0416.jpg;1
0417.jpg;1
0418.jpg;1
0419.jpg;1
0420.jpg;1
0421.jpg;1
0422.jpg;1
0423.jpg;1
0424.jpg;1
0425.jpg;1
0426.jpg;1
0427.jpg;1
0428.jpg;1
0429.jpg;1
0430.jpg;1
0431.jpg;1
0432.jpg;1
0433.jpg;1
0434.jpg;1
0435.jpg;1
0436.jpg;1
0437.jpg;1
0438.jpg;1
0439.jpg;1
0440.jpg;1
0441.jpg;1
0442.jpg;1
0443.jpg;1
0444.jpg;1
0445.jpg;1
0446.jpg;1
0447.jpg;1
0448.jpg;1
0449.jpg;1
0450.jpg;1
0451.jpg;1
0452.jpg;1
0453.jpg;1
0454.jpg;1
0455.jpg;1
0456.jpg;1
0457.jpg;1
0458.jpg;1
0459.jpg;1
0460.jpg;1
0461.jpg;1
0462.jpg;1
0463.jpg;1
0464.jpg;1
0465.jpg;1
0466.jpg;1
0467.jpg;1
0468.jpg;1
0469.jpg;1
0470.jpg;1
0471.jpg;1
0472.jpg;1
0473.jpg;1
0474.jpg;1
0475.jpg;1
0476.jpg;1
0477.jpg;1
0478.jpg;1
0479.jpg;1
0480.jpg;1
0481.jpg;1
0482.jpg;1
0483.jpg;1
0484.jpg;1
0485.jpg;1
0486.jpg;1
0487.jpg;1
0488.jpg;1
0489.jpg;1
0490.jpg;1
0491.jpg;1
0492.jpg;1
0493.jpg;1
0494.jpg;1
0495.jpg;1
0496.jpg;1
0497.jpg;1
0498.jpg;1
0499.jpg;1
0500.jpg;1
0501.jpg;1
0502.jpg;1
0503.jpg;1
0504.jpg;1
0505.jpg;1
0506.jpg;1
0507.jpg;1
0508.jpg;1
0509.jpg;1
0510.jpg;1
0511.jpg;1
0512.jpg;1
0513.jpg;1
0514.jpg;1
0515.jpg;1
0516.jpg;1
0517.jpg;1
0518.jpg;1
0519.jpg;1
0520.jpg;1
0521.jpg;1
0522.jpg;1
0523.jpg;1
0524.jpg;1
0525.jpg;1
0526.jpg;1
0527.jpg;1
0528.jpg;1
0529.jpg;1
0530.jpg;1
0531.jpg;1
0532.jpg;1
0533.jpg;1
0534.jpg;1
0535.jpg;1
0536.jpg;1
0537.jpg;1
0538.jpg;1
0539.jpg;1
0540.jpg;1
0541.jpg;1
0542.jpg;1
0543.jpg;1
0544.jpg;1
0545.jpg;1
0546.jpg;1
0547.jpg;1
0548.jpg;1
0549.jpg;1
0550.jpg;1
0551.jpg;1
0552.jpg;1
0553.jpg;1
0554.jpg;1
0555.jpg;1
0556.jpg;1
0557.jpg;1
0558.jpg;1
0559.jpg;1
0560.jpg;1
0561.jpg;1
0562.jpg;1
0563.jpg;1
0564.jpg;1
0565.jpg;1
0566.jpg;1
0567.jpg;1
0568.jpg;1
0569.jpg;1
0570.jpg;1
0571.jpg;1
0572.jpg;1
0573.jpg;1
0574.jpg;1
0575.jpg;1
0576.jpg;1
0577.jpg;1
0578.jpg;1
0579.jpg;1
0580.jpg;1
0581.jpg;1
0582.jpg;1
0583.jpg;1
0584.jpg;1
0585.jpg;1
0586.jpg;1
0587.jpg;1
0588.jpg;1
0589.jpg;1
0590.jpg;1
0591.jpg;1
0592.jpg;1
0593.jpg;1
0594.jpg;1
0595.jpg;1
0596.jpg;1
0597.jpg;1
0598.jpg;1
0599.jpg;1
0600.jpg;1
0601.jpg;1
0602.jpg;1
0603.jpg;1
0604.jpg;1
0605.jpg;1
0606.jpg;1
0607.jpg;1
0608.jpg;1
0609.jpg;1
0610.jpg;1
0611.jpg;1
0612.jpg;1
0613.jpg;1
0614.jpg;1
0615.jpg;1
0616.jpg;1
0617.jpg;1
0618.jpg;1
0619.jpg;1
0620.jpg;1
0621.jpg;1
0622.jpg;1
0623.jpg;1
0624.jpg;1
0625.jpg;1
0626.jpg;1
0627.jpg;1
0628.jpg;1
0629.jpg;1
0630.jpg;1
0631.jpg;1
0632.jpg;1
0633.jpg;1
0634.jpg;1
0635.jpg;1
0636.jpg;1
0637.jpg;1
0638.jpg;1
0639.jpg;1
0640.jpg;1
0641.jpg;1
0642.jpg;1
0643.jpg;1
0644.jpg;1
0645.jpg;1
0646.jpg;1
0647.jpg;1
0648.jpg;1
0649.jpg;1
0650.jpg;1
0651.jpg;1
0652.jpg;1
0653.jpg;1
0654.jpg;1
0655.jpg;1
0656.jpg;1
0657.jpg;1
0658.jpg;1
0659.jpg;1
0660.jpg;1
0661.jpg;1
0662.jpg;1
0663.jpg;1
0664.jpg;1
0665.jpg;1
0666.jpg;1
0667.jpg;1
0668.jpg;1
0669.jpg;1
0670.jpg;1
0671.jpg;1
0672.jpg;1
0673.jpg;1
0674.jpg;1
0675.jpg;1
0676.jpg;1
0677.jpg;1
0678.jpg;1
0679.jpg;1
0680.jpg;1
0681.jpg;1
0682.jpg;1
0683.jpg;1
0684.jpg;1
0685.jpg;1
0686.jpg;1
0687.jpg;1
0688.jpg;1
0689.jpg;1
0690.jpg;1
0691.jpg;1
0692.jpg;1
0693.jpg;1
0694.jpg;1
0695.jpg;1
0696.jpg;1
0697.jpg;1
0698.jpg;1
0699.jpg;1
0700.jpg;1
0701.jpg;1
0702.jpg;1
0703.jpg;1
0704.jpg;1
0705.jpg;1
0706.jpg;1
0707.jpg;1
0708.jpg;1
0709.jpg;1
0710.jpg;1
0711.jpg;1
0712.jpg;1
0713.jpg;1
0714.jpg;1
0715.jpg;1
0716.jpg;1
0717.jpg;1
0718.jpg;1
0719.jpg;1
0720.jpg;1
0721.jpg;1
0722.jpg;1
0723.jpg;1
0724.jpg;1
0725.jpg;1
0726.jpg;1
0727.jpg;1
0728.jpg;1
0729.jpg;1
0730.jpg;1
0731.jpg;1
0732.jpg;1
0733.jpg;1
0734.jpg;1
0735.jpg;1
0736.jpg;1
0737.jpg;1
0738.jpg;1
0739.jpg;1
0740.jpg;1
0741.jpg;1
0742.jpg;1
0743.jpg;1
0744.jpg;1
0745.jpg;1
0746.jpg;1
0747.jpg;1
0748.jpg;1
0749.jpg;1
0750.jpg;1
0751.jpg;1
0752.jpg;1
0753.jpg;1
0754.jpg;1
0755.jpg;1
0756.jpg;1
0757.jpg;1
0758.jpg;1
0759.jpg;1
0760.jpg;1
0761.jpg;1
0762.jpg;1
0763.jpg;1
0764.jpg;1
0765.jpg;1
0766.jpg;1
0767.jpg;1
0768.jpg;1
0769.jpg;1
0770.jpg;1
0771.jpg;1
0772.jpg;1
0773.jpg;1
0774.jpg;1
0775.jpg;1
0776.jpg;1
0777.jpg;1
0778.jpg;1
0779.jpg;1
0780.jpg;1
0781.jpg;1
0782.jpg;1
0783.jpg;1
0784.jpg;1
0785.jpg;1
0786.jpg;1
0787.jpg;1
0788.jpg;1
0789.jpg;1
0790.jpg;1
0791.jpg;1
0792.jpg;1
0793.jpg;1
0794.jpg;1
0795.jpg;1
0796.jpg;1
0797.jpg;1
0798.jpg;1
0799.jpg;1
0800.jpg;1
0801.jpg;1
0802.jpg;1
0803.jpg;1
0804.jpg;1
0805.jpg;1
0806.jpg;1
0807.jpg;1
0808.jpg;1
0809.jpg;1
0810.jpg;1
0811.jpg;1
0812.jpg;1
0813.jpg;1
0814.jpg;1
0815.jpg;1
0816.jpg;1
0817.jpg;1
0818.jpg;1
0819.jpg;1
0820.jpg;1
0821.jpg;1
0822.jpg;1
0823.jpg;1
0824.jpg;1
0825.jpg;1
0826.jpg;1
0827.jpg;1
0828.jpg;1
0829.jpg;1
0830.jpg;1
0831.jpg;1
0832.jpg;1
0833.jpg;1
0834.jpg;1
0835.jpg;1
0836.jpg;1
0837.jpg;1
0838.jpg;1
0839.jpg;1
0840.jpg;1
0841.jpg;1
0842.jpg;1
0843.jpg;1
0844.jpg;1
0845.jpg;1
0846.jpg;1
0847.jpg;1
0848.jpg;1
0849.jpg;1
0850.jpg;1
0851.jpg;1
0852.jpg;1
0853.jpg;1
0854.jpg;1
0855.jpg;1
0856.jpg;1
0857.jpg;1
0858.jpg;1
0859.jpg;1
0860.jpg;1
0861.jpg;1
0862.jpg;1
0863.jpg;1
0864.jpg;1
0865.jpg;1
0866.jpg;1
0867.jpg;1
0868.jpg;1
0869.jpg;1
0870.jpg;1
0871.jpg;1
0872.jpg;1
0873.jpg;1
0874.jpg;1
0875.jpg;1
0876.jpg;1
0877.jpg;1
0878.jpg;1
0879.jpg;1
0880.jpg;1
0881.jpg;1
0882.jpg;1
0883.jpg;1
0884.jpg;1
0885.jpg;1
0886.jpg;1
0887.jpg;1
0888.jpg;1
0889.jpg;1
0890.jpg;1
0891.jpg;1
0892.jpg;1
0893.jpg;1
0894.jpg;1
0895.jpg;1
0896.jpg;1
0897.jpg;1
0898.jpg;1
0899.jpg;1
0900.jpg;1
0901.jpg;1
0902.jpg;1
0903.jpg;1
0904.jpg;1
0905.jpg;1
0906.jpg;1
0907.jpg;1
0908.jpg;1
0909.jpg;1
0910.jpg;1
0911.jpg;1
0912.jpg;1
0913.jpg;1
0914.jpg;1
0915.jpg;1
0916.jpg;1
0917.jpg;1
0918.jpg;1
0919.jpg;1
0920.jpg;1
0921.jpg;1
0922.jpg;1
0923.jpg;1
0924.jpg;1
0925.jpg;1
0926.jpg;1
0927.jpg;1
0928.jpg;1
0929.jpg;1
0930.jpg;1
0931.jpg;1
0932.jpg;1
0933.jpg;1
0934.jpg;1
0935.jpg;1
0936.jpg;1
0937.jpg;1
0938.jpg;1
0939.jpg;1
0940.jpg;1
0941.jpg;1
0942.jpg;1
0943.jpg;1
0944.jpg;1
0945.jpg;1
0946.jpg;1
0947.jpg;1
0948.jpg;1
0949.jpg;1
0950.jpg;1
0951.jpg;1
0952.jpg;1
0953.jpg;1
0954.jpg;1
0955.jpg;1
0956.jpg;1
0957.jpg;1
0958.jpg;1
0959.jpg;1
0960.jpg;1
0961.jpg;1
0962.jpg;1
0963.jpg;1
0964.jpg;1
0965.jpg;1
0966.jpg;1
0967.jpg;1
0968.jpg;1
0969.jpg;1
0970.jpg;1
0971.jpg;1
0972.jpg;1
0973.jpg;1
0974.jpg;1
0975.jpg;1
0976.jpg;1
0977.jpg;1
0978.jpg;1
0979.jpg;1
0980.jpg;1
0981.jpg;1
0982.jpg;1
0983.jpg;1
0984.jpg;1
0985.jpg;1
0986.jpg;1
0987.jpg;1
0988.jpg;1
0989.jpg;1
0990.jpg;1
0991.jpg;1
0992.jpg;1
0993.jpg;1
0994.jpg;1
0995.jpg;1
0996.jpg;1
0997.jpg;1
0998.jpg;1
0999.jpg;1
1000.jpg;1
1001.jpg;1
1002.jpg;1
1003.jpg;1
1004.jpg;1
1005.jpg;1
1006.jpg;1
1007.jpg;1
1008.jpg;1
1009.jpg;1
1010.jpg;1
1011.jpg;1
1012.jpg;1
1013.jpg;1
1014.jpg;1
1015.jpg;1
1016.jpg;1
1017.jpg;1
1018.jpg;1
1019.jpg;1
1020.jpg;1
1021.jpg;1
1022.jpg;1
1023.jpg;1
1024.jpg;1
1025.jpg;1
1026.jpg;1
1027.jpg;1
1028.jpg;1
1029.jpg;1
1030.jpg;1
1031.jpg;1
1032.jpg;1
1033.jpg;1
1034.jpg;1
1035.jpg;1
1036.jpg;1
1037.jpg;1
1038.jpg;1
1039.jpg;1
1040.jpg;1
1041.jpg;1
1042.jpg;1
1043.jpg;1
1044.jpg;1
1045.jpg;1
1046.jpg;1
1047.jpg;1
1048.jpg;1
1049.jpg;1
1050.jpg;1
1051.jpg;1
1052.jpg;1
1053.jpg;1
1054.jpg;1
1055.jpg;1
1056.jpg;1
1057.jpg;1
1058.jpg;1
1059.jpg;1
1060.jpg;1
1061.jpg;1
1062.jpg;1
1063.jpg;1
1064.jpg;1
1065.jpg;1
1066.jpg;1
1067.jpg;1
1068.jpg;1
1069.jpg;1
1070.jpg;1
1071.jpg;1
1072.jpg;1
1073.jpg;1
1074.jpg;1
1075.jpg;1
1076.jpg;1
1077.jpg;1
1078.jpg;1
1079.jpg;1
1080.jpg;1
1081.jpg;1
1082.jpg;1
1083.jpg;1
1084.jpg;1
1085.jpg;1
1086.jpg;1
1087.jpg;1
1088.jpg;1
1089.jpg;1
1090.jpg;1
1091.jpg;1
1092.jpg;1
1093.jpg;1
1094.jpg;1
1095.jpg;1
1096.jpg;1
1097.jpg;1
1098.jpg;1
1099.jpg;1
1100.jpg;1
1101.jpg;0
1102.jpg;0
1103.jpg;0
1104.jpg;0
1105.jpg;0
1106.jpg;0
1107.jpg;0
1108.jpg;0
1109.jpg;0
1110.jpg;0
1111.jpg;0
1112.jpg;0
1113.jpg;0
1114.jpg;0
1115.jpg;0
1116.jpg;0
1117.jpg;0
1118.jpg;0
1119.jpg;0
1120.jpg;0
1121.jpg;0
1122.jpg;0
1123.jpg;0
1124.jpg;0
1125.jpg;0
1126.jpg;0
1127.jpg;0
1128.jpg;0
1129.jpg;0
1130.jpg;0
1131.jpg;0
1132.jpg;0
1133.jpg;0
1134.jpg;0
1135.jpg;0
1136.jpg;0
1137.jpg;0
1138.jpg;0
1139.jpg;0
1140.jpg;0
1141.jpg;0
1142.jpg;0
1143.jpg;0
1144.jpg;0
1145.jpg;0
1146.jpg;0
1147.jpg;0
1148.jpg;0
1149.jpg;0
1150.jpg;0
1151.jpg;0
1152.jpg;0
1153.jpg;0
1154.jpg;0
1155.jpg;0
1156.jpg;0
1157.jpg;0
1158.jpg;0
1159.jpg;0
1160.jpg;0
1161.jpg;0
1162.jpg;0
1163.jpg;0
1164.jpg;0
1165.jpg;0
1166.jpg;0
1167.jpg;0
1168.jpg;0
1169.jpg;0
1170.jpg;0
1171.jpg;0
1172.jpg;0
1173.jpg;0
1174.jpg;0
1175.jpg;0
1176.jpg;0
1177.jpg;0
1178.jpg;0
1179.jpg;0
1180.jpg;0
1181.jpg;0
1182.jpg;0
1183.jpg;0
1184.jpg;0
1185.jpg;0
1186.jpg;0
1187.jpg;0
1188.jpg;0
1189.jpg;0
1190.jpg;0
1191.jpg;0
1192.jpg;0
1193.jpg;0
1194.jpg;0
1195.jpg;0
1196.jpg;0
1197.jpg;0
1198.jpg;0
1199.jpg;0
1200.jpg;0
1201.jpg;0
1202.jpg;0
1203.jpg;0
1204.jpg;0
1205.jpg;0
1206.jpg;0
1207.jpg;0
1208.jpg;0
1209.jpg;0
1210.jpg;0
1211.jpg;0
1212.jpg;0
1213.jpg;0
1214.jpg;0
1215.jpg;0
1216.jpg;0
1217.jpg;0
1218.jpg;0
1219.jpg;0
1220.jpg;0
1221.jpg;0
1222.jpg;0
1223.jpg;0
1224.jpg;0
1225.jpg;0
1226.jpg;0
1227.jpg;0
1228.jpg;0
1229.jpg;0
1230.jpg;0
1231.jpg;0
1232.jpg;0
1233.jpg;0
1234.jpg;0
1235.jpg;0
1236.jpg;0
1237.jpg;0
1238.jpg;0
1239.jpg;0
1240.jpg;0
1241.jpg;0
1242.jpg;0
1243.jpg;0
1244.jpg;0
1245.jpg;0
1246.jpg;0
1247.jpg;0
1248.jpg;0
1249.jpg;0
1250.jpg;0
1251.jpg;0
1252.jpg;0
1253.jpg;0
1254.jpg;0
1255.jpg;0
1256.jpg;0
1257.jpg;0
1258.jpg;0
1259.jpg;0
1260.jpg;0
1261.jpg;0
1262.jpg;0
1263.jpg;0
1264.jpg;0
1265.jpg;0
1266.jpg;0
1267.jpg;0
1268.jpg;0
1269.jpg;0
1270.jpg;0
1271.jpg;0
1272.jpg;0
1273.jpg;0
1274.jpg;0
1275.jpg;0
1276.jpg;0
1277.jpg;0
1278.jpg;0
1279.jpg;0
1280.jpg;0
1281.jpg;0
1282.jpg;0
1283.jpg;0
1284.jpg;0
1285.jpg;0
1286.jpg;0
1287.jpg;0
1288.jpg;0
1289.jpg;0
1290.jpg;0
1291.jpg;0
1292.jpg;0
1293.jpg;0
1294.jpg;0
1295.jpg;0
1296.jpg;0
1297.jpg;0
1298.jpg;0
1299.jpg;0
1300.jpg;0
1301.jpg;0
1302.jpg;0
1303.jpg;0
1304.jpg;0
1305.jpg;0
1306.jpg;0
1307.jpg;0
1308.jpg;0
1309.jpg;0
1310.jpg;0
1311.jpg;0
1312.jpg;0
1313.jpg;0
1314.jpg;0
1315.jpg;0
1316.jpg;0
1317.jpg;0
1318.jpg;0
1319.jpg;0
1320.jpg;0
1321.jpg;0
1322.jpg;0
1323.jpg;0
1324.jpg;0
1325.jpg;0
1326.jpg;0
1327.jpg;0
1328.jpg;0
1329.jpg;0
1330.jpg;0
1331.jpg;0
1332.jpg;0
1333.jpg;0
1334.jpg;0
1335.jpg;0
1336.jpg;0
1337.jpg;0
1338.jpg;0
1339.jpg;0
1340.jpg;0
1341.jpg;0
1342.jpg;0
1343.jpg;0
1344.jpg;0
1345.jpg;0
1346.jpg;0
1347.jpg;0
1348.jpg;0
1349.jpg;0
1350.jpg;0
1351.jpg;0
1352.jpg;0
1353.jpg;0
1354.jpg;0
1355.jpg;0
1356.jpg;0
1357.jpg;0
1358.jpg;0
1359.jpg;0
1360.jpg;0
1361.jpg;0
1362.jpg;0
1363.jpg;0
1364.jpg;0
1365.jpg;0
1366.jpg;0
1367.jpg;0
1368.jpg;0
1369.jpg;0
1370.jpg;0
1371.jpg;0
1372.jpg;0
1373.jpg;0
1374.jpg;0
1375.jpg;0
1376.jpg;0
1377.jpg;0
1378.jpg;0
1379.jpg;0
1380.jpg;0
1381.jpg;0
1382.jpg;0
1383.jpg;0
1384.jpg;0
1385.jpg;0
1386.jpg;0
1387.jpg;0
1388.jpg;0
1389.jpg;0
1390.jpg;0
1391.jpg;0
1392.jpg;0
1393.jpg;0
1394.jpg;0
1395.jpg;0
1396.jpg;0
1397.jpg;0
1398.jpg;0
1399.jpg;0
1400.jpg;0
1401.jpg;0
1402.jpg;0
1403.jpg;0
1404.jpg;0
1405.jpg;0
1406.jpg;0
1407.jpg;0
1408.jpg;0
1409.jpg;0
1410.jpg;0
1411.jpg;0
1412.jpg;0
1413.jpg;0
1414.jpg;0
1415.jpg;0
1416.jpg;0
1417.jpg;0
1418.jpg;0
1419.jpg;0
1420.jpg;0
1421.jpg;0
1422.jpg;0
1423.jpg;0
1424.jpg;0
1425.jpg;0
1426.jpg;0
1427.jpg;0
1428.jpg;0
1429.jpg;0
1430.jpg;0
1431.jpg;0
1432.jpg;0
1433.jpg;0
1434.jpg;0
1435.jpg;0
1436.jpg;0
1437.jpg;0
1438.jpg;0
1439.jpg;0
1440.jpg;0
1441.jpg;0
1442.jpg;0
1443.jpg;0
1444.jpg;0
1445.jpg;0
1446.jpg;0
1447.jpg;0
1448.jpg;0
1449.jpg;0
1450.jpg;0
1451.jpg;0
1452.jpg;0
1453.jpg;0
1454.jpg;0
1455.jpg;0
1456.jpg;0
1457.jpg;0
1458.jpg;0
1459.jpg;0
1460.jpg;0
1461.jpg;0
1462.jpg;0
1463.jpg;0
1464.jpg;0
1465.jpg;0
1466.jpg;0
1467.jpg;0
1468.jpg;0
1469.jpg;0
1470.jpg;0
1471.jpg;0
1472.jpg;0
1473.jpg;0
1474.jpg;0
1475.jpg;0
1476.jpg;0
1477.jpg;0
1478.jpg;0
1479.jpg;0
1480.jpg;0
1481.jpg;0
1482.jpg;0
1483.jpg;0
1484.jpg;0
1485.jpg;0
1486.jpg;0
1487.jpg;0
1488.jpg;0
1489.jpg;0
1490.jpg;0
1491.jpg;0
1492.jpg;0
1493.jpg;0
1494.jpg;0
1495.jpg;0
1496.jpg;0
1497.jpg;0
1498.jpg;0
1499.jpg;0
1500.jpg;0
1501.jpg;0
1502.jpg;0
1503.jpg;0
1504.jpg;0
1505.jpg;0
1506.jpg;0
1507.jpg;0
1508.jpg;0
1509.jpg;0
1510.jpg;0
1511.jpg;0
1512.jpg;0
1513.jpg;0
1514.jpg;0
1515.jpg;0
1516.jpg;0
1517.jpg;0
1518.jpg;0
1519.jpg;0
1520.jpg;0
1521.jpg;0
1522.jpg;0
1523.jpg;0
1524.jpg;0
1525.jpg;0
1526.jpg;0
1527.jpg;0
1528.jpg;0
1529.jpg;0
1530.jpg;0
1531.jpg;0
1532.jpg;0
1533.jpg;0
1534.jpg;0
1535.jpg;0
1536.jpg;0
1537.jpg;0
1538.jpg;0
1539.jpg;0
1540.jpg;0
1541.jpg;0
1542.jpg;0
1543.jpg;0
1544.jpg;0
1545.jpg;0
1546.jpg;0
1547.jpg;0
1548.jpg;0
1549.jpg;0
1550.jpg;0
1551.jpg;0
1552.jpg;0
1553.jpg;0
1554.jpg;0
1555.jpg;0
1556.jpg;0
1557.jpg;0
1558.jpg;0
1559.jpg;0
1560.jpg;0
1561.jpg;0
1562.jpg;0
1563.jpg;0
1564.jpg;0
1565.jpg;0
1566.jpg;0
1567.jpg;0
1568.jpg;0
1569.jpg;0
1570.jpg;0
1571.jpg;0
1572.jpg;0
1573.jpg;0
1574.jpg;0
1575.jpg;0
1576.jpg;0
1577.jpg;0
1578.jpg;0
1579.jpg;0
1580.jpg;0
1581.jpg;0
1582.jpg;0
1583.jpg;0
1584.jpg;0
1585.jpg;0
1586.jpg;0
1587.jpg;0
1588.jpg;0
1589.jpg;0
1590.jpg;0
1591.jpg;0
1592.jpg;0
1593.jpg;0
1594.jpg;0
1595.jpg;0
1596.jpg;0
1597.jpg;0
1598.jpg;0
1599.jpg;0
1600.jpg;0
1601.jpg;0
1602.jpg;0
1603.jpg;0
1604.jpg;0
1605.jpg;0
1606.jpg;0
1607.jpg;0
1608.jpg;0
1609.jpg;0
1610.jpg;0
1611.jpg;0
1612.jpg;0
1613.jpg;0
1614.jpg;0
1615.jpg;0
1616.jpg;0
1617.jpg;0
1618.jpg;0
1619.jpg;0
1620.jpg;0
1621.jpg;0
1622.jpg;0
1623.jpg;0
1624.jpg;0
1625.jpg;0
1626.jpg;0
1627.jpg;0
1628.jpg;0
1629.jpg;0
1630.jpg;0
1631.jpg;0
1632.jpg;0
1633.jpg;0
1634.jpg;0
1635.jpg;0
1636.jpg;0
1637.jpg;0
1638.jpg;0
1639.jpg;0
1640.jpg;0
1641.jpg;0
1642.jpg;0
1643.jpg;0
1644.jpg;0
1645.jpg;0
1646.jpg;0
1647.jpg;0
1648.jpg;0
1649.jpg;0
1650.jpg;0
1651.jpg;0
1652.jpg;0
1653.jpg;0
1654.jpg;0
1655.jpg;0
1656.jpg;0
1657.jpg;0
1658.jpg;0
1659.jpg;0
1660.jpg;0
1661.jpg;0
1662.jpg;0
1663.jpg;0
1664.jpg;0
1665.jpg;0
1666.jpg;0
1667.jpg;0
1668.jpg;0
1669.jpg;0
1670.jpg;0
1671.jpg;0
1672.jpg;0
1673.jpg;0
1674.jpg;0
1675.jpg;0
1676.jpg;0
1677.jpg;0
1678.jpg;0
1679.jpg;0
1680.jpg;0
1681.jpg;0
1682.jpg;0
1683.jpg;0
1684.jpg;0
1685.jpg;0
1686.jpg;0
1687.jpg;0
1688.jpg;0
1689.jpg;0
1690.jpg;0
1691.jpg;0
1692.jpg;0
1693.jpg;0
1694.jpg;0
1695.jpg;0
1696.jpg;0
1697.jpg;0
1698.jpg;0
1699.jpg;0
1700.jpg;0
1701.jpg;0
1702.jpg;0
1703.jpg;0
1704.jpg;0
1705.jpg;0
1706.jpg;0
1707.jpg;0
1708.jpg;0
1709.jpg;0
1710.jpg;0
1711.jpg;0
1712.jpg;0
1713.jpg;0
1714.jpg;0
1715.jpg;0
1716.jpg;0
1717.jpg;0
1718.jpg;0
1719.jpg;0
1720.jpg;0
1721.jpg;0
1722.jpg;0
1723.jpg;0
1724.jpg;0
1725.jpg;0
1726.jpg;0
1727.jpg;0
1728.jpg;0
1729.jpg;0
1730.jpg;0
1731.jpg;0
1732.jpg;0
1733.jpg;0
1734.jpg;0
1735.jpg;0
1736.jpg;0
1737.jpg;0
1738.jpg;0
1739.jpg;0
1740.jpg;0
1741.jpg;0
1742.jpg;0
1743.jpg;0
1744.jpg;0
1745.jpg;0
1746.jpg;0
1747.jpg;0
1748.jpg;0
1749.jpg;0
1750.jpg;0
1751.jpg;0
1752.jpg;0
1753.jpg;0
1754.jpg;0
1755.jpg;0
1756.jpg;0
1757.jpg;0
1758.jpg;0
1759.jpg;0
1760.jpg;0
1761.jpg;0
1762.jpg;0
1763.jpg;0
1764.jpg;0
1765.jpg;0
1766.jpg;0
1767.jpg;0
1768.jpg;0
1769.jpg;0
1770.jpg;0
1771.jpg;0
1772.jpg;0
1773.jpg;0
1774.jpg;0
1775.jpg;0
1776.jpg;0
1777.jpg;0
1778.jpg;0
1779.jpg;0
1780.jpg;0
1781.jpg;0
1782.jpg;0
1783.jpg;0
1784.jpg;0
1785.jpg;0
1786.jpg;0
1787.jpg;0
1788.jpg;0
1789.jpg;0
1790.jpg;0
1791.jpg;0
1792.jpg;0
1793.jpg;0
1794.jpg;0
1795.jpg;0
1796.jpg;0
1797.jpg;0
1798.jpg;0
1799.jpg;0
1800.jpg;0
1801.jpg;0
1802.jpg;0
1803.jpg;0
1804.jpg;0
1805.jpg;0
1806.jpg;0
1807.jpg;0
1808.jpg;0
1809.jpg;0
1810.jpg;0
1811.jpg;0
1812.jpg;0
1813.jpg;0
1814.jpg;0
1815.jpg;0
1816.jpg;0
1817.jpg;0
1818.jpg;0
1819.jpg;0
1820.jpg;0
1821.jpg;0
1822.jpg;0
1823.jpg;0
1824.jpg;0
1825.jpg;0
1826.jpg;0
1827.jpg;0
1828.jpg;0
1829.jpg;0
1830.jpg;0
1831.jpg;0
1832.jpg;0
1833.jpg;0
1834.jpg;0
1835.jpg;0
1836.jpg;0
1837.jpg;0
1838.jpg;0
1839.jpg;0
1840.jpg;0
1841.jpg;0
1842.jpg;0
1843.jpg;0
1844.jpg;0
1845.jpg;0
1846.jpg;0
1847.jpg;0
1848.jpg;0
1849.jpg;0
1850.jpg;0
1851.jpg;0
1852.jpg;0
1853.jpg;0
1854.jpg;0
1855.jpg;0
1856.jpg;0
1857.jpg;0
1858.jpg;0
1859.jpg;0
1860.jpg;0
1861.jpg;0
1862.jpg;0
1863.jpg;0
1864.jpg;0
1865.jpg;0
1866.jpg;0
1867.jpg;0
1868.jpg;0
1869.jpg;0
1870.jpg;0
1871.jpg;0
1872.jpg;0
1873.jpg;0
1874.jpg;0
1875.jpg;0
1876.jpg;0
1877.jpg;0
1878.jpg;0
1879.jpg;0
1880.jpg;0
1881.jpg;0
1882.jpg;0
1883.jpg;0
1884.jpg;0
1885.jpg;0
1886.jpg;0
1887.jpg;0
1888.jpg;0
1889.jpg;0
1890.jpg;0
1891.jpg;0
1892.jpg;0
1893.jpg;0
1894.jpg;0
1895.jpg;0
1896.jpg;0
1897.jpg;0
1898.jpg;0
1899.jpg;0
1900.jpg;0
1901.jpg;0
1902.jpg;0
1903.jpg;0
1904.jpg;0
1905.jpg;0
1906.jpg;0
1907.jpg;0
1908.jpg;0
1909.jpg;0
1910.jpg;0
1911.jpg;0
1912.jpg;0
1913.jpg;0
1914.jpg;0
1915.jpg;0
1916.jpg;0
1917.jpg;0
1918.jpg;0
1919.jpg;0
1920.jpg;0
1921.jpg;0
1922.jpg;0
1923.jpg;0
1924.jpg;0
1925.jpg;0
1926.jpg;0
1927.jpg;0
1928.jpg;0
1929.jpg;0
1930.jpg;0
1931.jpg;0
1932.jpg;0
1933.jpg;0
1934.jpg;0
1935.jpg;0
1936.jpg;0
1937.jpg;0
1938.jpg;0
1939.jpg;0
1940.jpg;0
1941.jpg;0
1942.jpg;0
1943.jpg;0
1944.jpg;0
1945.jpg;0
1946.jpg;0
1947.jpg;0
1948.jpg;0
1949.jpg;0
1950.jpg;0
1951.jpg;0
1952.jpg;0
1953.jpg;0
1954.jpg;0
1955.jpg;0
1956.jpg;0
1957.jpg;0
1958.jpg;0
1959.jpg;0
1960.jpg;0
1961.jpg;0
1962.jpg;0
1963.jpg;0
1964.jpg;0
1965.jpg;0
1966.jpg;0
1967.jpg;0
1968.jpg;0
1969.jpg;0
1970.jpg;0
1971.jpg;0
1972.jpg;0
1973.jpg;0
1974.jpg;0
1975.jpg;0
1976.jpg;0
1977.jpg;0
1978.jpg;0
1979.jpg;0
1980.jpg;0
1981.jpg;0
1982.jpg;0
1983.jpg;0
1984.jpg;0
1985.jpg;0
1986.jpg;0
1987.jpg;0
1988.jpg;0
1989.jpg;0
1990.jpg;0
1991.jpg;0
1992.jpg;0
1993.jpg;0
1994.jpg;0
1995.jpg;0
1996.jpg;0
1997.jpg;0
1998.jpg;0
1999.jpg;0
2000.jpg;0
2001.jpg;0
2002.jpg;0
2003.jpg;0
2004.jpg;0
2005.jpg;0
2006.jpg;0
2007.jpg;0
2008.jpg;0
2009.jpg;0
2010.jpg;0
2011.jpg;0
2012.jpg;0
2013.jpg;0
2014.jpg;0
2015.jpg;0
2016.jpg;0
2017.jpg;0
2018.jpg;0
2019.jpg;0
2020.jpg;0
2021.jpg;0
2022.jpg;0
2023.jpg;0
2024.jpg;0
2025.jpg;0
2026.jpg;0
2027.jpg;0
2028.jpg;0
2029.jpg;0
2030.jpg;0
2031.jpg;0
2032.jpg;0
2033.jpg;0
2034.jpg;0
2035.jpg;0
2036.jpg;0
2037.jpg;0
2038.jpg;0
2039.jpg;0
2040.jpg;0
2041.jpg;0
2042.jpg;0
2043.jpg;0
2044.jpg;0
2045.jpg;0
2046.jpg;0
2047.jpg;0
2048.jpg;0
2049.jpg;0
2050.jpg;0
2051.jpg;0
2052.jpg;0
2053.jpg;0
2054.jpg;0
2055.jpg;0
2056.jpg;0
2057.jpg;0
2058.jpg;0
2059.jpg;0
2060.jpg;0
2061.jpg;0
2062.jpg;0
2063.jpg;0
2064.jpg;0
2065.jpg;0
2066.jpg;0
2067.jpg;0
2068.jpg;0
2069.jpg;0
2070.jpg;0
2071.jpg;0
2072.jpg;0
2073.jpg;0
2074.jpg;0
2075.jpg;0
2076.jpg;0
2077.jpg;0
2078.jpg;0
2079.jpg;0
2080.jpg;0
2081.jpg;0
2082.jpg;0
2083.jpg;0
2084.jpg;0
2085.jpg;0
2086.jpg;0
2087.jpg;0
2088.jpg;0
2089.jpg;0
2090.jpg;0
2091.jpg;0
2092.jpg;0
2093.jpg;0
2094.jpg;0
2095.jpg;0
2096.jpg;0
2097.jpg;0
2098.jpg;0
2099.jpg;0
2100.jpg;0
2101.jpg;0
2102.jpg;0
2103.jpg;0
2104.jpg;0
2105.jpg;0
2106.jpg;0
2107.jpg;0
2108.jpg;0
2109.jpg;0
2110.jpg;0
2111.jpg;0
2112.jpg;0
2113.jpg;0
2114.jpg;0
2115.jpg;0
2116.jpg;0
2117.jpg;0
2118.jpg;0
2119.jpg;0
2120.jpg;0
2121.jpg;0
2122.jpg;0
2123.jpg;0
2124.jpg;0
2125.jpg;0
2126.jpg;0
2127.jpg;0
2128.jpg;0
2129.jpg;0
2130.jpg;0
2131.jpg;0
2132.jpg;0
2133.jpg;0
2134.jpg;0
2135.jpg;0
2136.jpg;0
2137.jpg;0
2138.jpg;0
2139.jpg;0
2140.jpg;0
2141.jpg;0
2142.jpg;0
2143.jpg;0
2144.jpg;0
2145.jpg;0
2146.jpg;0
2147.jpg;0
2148.jpg;0
2149.jpg;0
2150.jpg;0
2151.jpg;0
2152.jpg;0
2153.jpg;0
2154.jpg;0
2155.jpg;0
2156.jpg;0
2157.jpg;0
2158.jpg;0
2159.jpg;0
2160.jpg;0
2161.jpg;0
2162.jpg;0
2163.jpg;0
2164.jpg;0
2165.jpg;0
2166.jpg;0
2167.jpg;0
2168.jpg;0
2169.jpg;0
2170.jpg;0
2171.jpg;0
2172.jpg;0
2173.jpg;0
2174.jpg;0
2175.jpg;0
2176.jpg;0
2177.jpg;0
2178.jpg;0
2179.jpg;0
2180.jpg;0
